{
  "hard_brake": -0.3754432201385498,
  "lateral": 0.23509330153465255,
  "jerk": 0.1212851762771606
}